{
  "total_names": 1221313,
  "total_index_entries": 1221313,
  "total_codes": 12845,
  "total_queries": 5000,
  "total_lookups": 74349,
  "precision": 0.32688722183715746,
  "recall": 0.9729199422587717,
  "f1": 0.48935735358274374,
  "f2": 0.6973020040131167
}